{"cameraMode":{"drawMode":0,"name":"Shaded","section":"Shading Mode"},"sceneLighting":true,"audioPlay":false,"sceneViewState":{"showFog":true,"showMaterialUpdate":false,"showSkybox":true,"showFlares":true,"showImageEffects":true,"showParticleSystems":true},"in2DMode":false,"pivot":{"x":-2.958716630935669,"y":-33.99494934082031,"z":-25.577348709106447},"rotation":{"x":-0.24460165202617646,"y":-0.6172674298286438,"z":0.21040895581245423,"w":-0.7176159620285034},"size":92.03228759765625,"orthographic":false}