{"cameraMode":{"drawMode":0,"name":"Shaded","section":"Shading Mode"},"sceneLighting":false,"audioPlay":false,"sceneViewState":{"showFog":true,"showMaterialUpdate":false,"showSkybox":true,"showFlares":true,"showImageEffects":true,"showParticleSystems":true},"in2DMode":false,"pivot":{"x":-3.5035319328308107,"y":4.028420925140381,"z":6.178766250610352},"rotation":{"x":-0.1286589354276657,"y":0.005085472017526627,"z":-0.0006800707778893411,"w":-0.9917346239089966},"size":37.725860595703128,"orthographic":false}