{"cameraMode":{"drawMode":0,"name":"Shaded","section":"Shading Mode"},"sceneLighting":true,"audioPlay":false,"sceneViewState":{"showFog":true,"showMaterialUpdate":false,"showSkybox":true,"showFlares":true,"showImageEffects":true,"showParticleSystems":true},"in2DMode":false,"pivot":{"x":9.614038467407227,"y":-4.9851298332214359,"z":23.133028030395509},"rotation":{"x":-0.32086968421936037,"y":-0.04429714381694794,"z":0.015828998759388925,"w":-0.946100115776062},"size":130.24147033691407,"orthographic":false}