{"cameraMode":{"drawMode":0,"name":"Shaded","section":"Shading Mode"},"sceneLighting":false,"audioPlay":false,"sceneViewState":{"showFog":true,"showMaterialUpdate":false,"showSkybox":true,"showFlares":true,"showImageEffects":true,"showParticleSystems":true},"in2DMode":false,"pivot":{"x":-34.35011291503906,"y":16.515625,"z":-19.557010650634767},"rotation":{"x":-0.23364175856113435,"y":0.06941238045692444,"z":-0.016602851450443269,"w":-0.9697743654251099},"size":2.3334522247314455,"orthographic":false}