{"cameraMode":{"drawMode":0,"name":"Shaded","section":"Shading Mode"},"sceneLighting":true,"audioPlay":false,"sceneViewState":{"showFog":true,"showMaterialUpdate":false,"showSkybox":true,"showFlares":true,"showImageEffects":true,"showParticleSystems":true},"in2DMode":false,"pivot":{"x":3.665245532989502,"y":-44.827857971191409,"z":-15.652451515197754},"rotation":{"x":-0.3172662854194641,"y":-0.16648094356060029,"z":0.057250067591667178,"w":-0.9319819211959839},"size":143.33575439453126,"orthographic":false}